customer_id,name,email,country
1,Stephanie Garrett,martha09@gmail.com,Myanmar
2,Chris Stewart,gregoryneal@gmail.com,Cape Verde
3,Sarah Henderson,grahamsharon@morgan-garrett.info,Cook Islands
4,Kenneth Duarte,christopherdavid@walls-ingram.com,Togo
5,Brandon Caldwell,vincent59@hotmail.com,Suriname
6,Lisa Hill,summersjennifer@moyer-king.com,Armenia
7,Keith Graham,daniellechase@gmail.com,Costa Rica
8,Brett Duffy,pricechristopher@yahoo.com,Paraguay
9,Tina Briggs,taylorcharles@jones.com,British Indian Ocean Territory (Chagos Archipelago)
10,Jorge Lopez,qstephens@jacobs-francis.com,Bahrain
11,Sonya Anderson,thomassmith@harris.info,Mauritania
12,Zachary Gardner,johnhunter@robinson.com,Mali
13,Sergio Gill,jack77@yahoo.com,Turks and Caicos Islands
14,Michael Munoz,joel58@hotmail.com,Christmas Island
15,Brandy Sanders,deborah34@gmail.com,South Georgia and the South Sandwich Islands
16,James Butler,sheri16@hotmail.com,Croatia
17,Julie Brown,jonesjacqueline@hotmail.com,Lao People's Democratic Republic
18,Darlene Vasquez,nelsonedwin@schultz-mann.com,Jamaica
19,Rachel Baker,torresjohn@vaughn.com,Malta
20,Brittney Hicks,judycunningham@gmail.com,France
21,Annette Lester,jennifer31@gonzalez.biz,Costa Rica
22,Donna Atkinson,caleb01@prince-torres.biz,Saint Martin
23,Crystal Nelson,jason31@jones.com,Taiwan
24,Craig Carter,sellerskenneth@sherman.com,Marshall Islands
25,Jessica Torres,danielparker@thomas-martin.com,Syrian Arab Republic
26,Deborah Spencer,lhughes@gmail.com,Cambodia
27,Gabriella Ferguson,bentleykimberly@gmail.com,Chad
28,Dwayne Anderson,williamyork@hotmail.com,Bahamas
29,Alexis Jones,mercadopamela@williamson.com,Malawi
30,Kelsey Lawson,riveramartha@henderson-diaz.biz,Morocco
31,Christopher Horn,marcbrewer@larson-rodgers.com,Burkina Faso
32,Abigail Mueller,scottmichael@hotmail.com,Congo
33,Kimberly Kelly,tcallahan@bennett-guerrero.com,Turkey
34,Debra Santos,hoffmanmichelle@yahoo.com,China
35,Jasmine Becker,qpierce@davis.com,New Zealand
36,Alexandria Olsen,ladkins@yahoo.com,Tonga
37,Jane Taylor,fmartin@yahoo.com,Monaco
38,James Clark,kimandrew@hotmail.com,Dominican Republic
39,Ashley Rhodes,andrew01@lee-kennedy.com,Vietnam
40,Jonathan Jackson,shannon36@jordan.info,Pitcairn Islands
41,Holly Peterson,richard69@smith-collins.com,Denmark
42,Steven Randall Jr.,ilove@gmail.com,Oman
43,Martin Russo,claudiagonzalez@garcia.info,Malaysia
44,Megan Webb,randy68@mccullough.com,Djibouti
45,James Thomas,sharonerickson@yahoo.com,Luxembourg
46,Eric Clark,pgriffin@lane-ramos.org,French Guiana
47,Tristan Hines,mary83@hill.com,Sweden
48,Michael Schwartz,noblealex@yahoo.com,Mauritania
49,Daniel Barrett,nicole60@yahoo.com,Oman
50,Charles West,frankburnett@hotmail.com,Croatia
51,Michelle Henderson,gonzalezmary@gmail.com,Syrian Arab Republic
52,Kayla Henderson,lopeztonya@mendez.com,Chad
53,Richard Thomas,jared53@berg.net,Somalia
54,Deborah Page,audreyswanson@yahoo.com,Nepal
55,Matthew Contreras,opatrick@yahoo.com,Saint Pierre and Miquelon
56,William Garrison,wblack@morrison.biz,Iceland
57,Victoria Simpson,taylor64@yahoo.com,Northern Mariana Islands
58,Nicholas Robinson,thomasharper@townsend.org,Christmas Island
59,Brady Reynolds,smithmark@gmail.com,India
60,Ryan Shields,courtney11@hotmail.com,Chad
61,Stephen Pena,mendozajose@brown.com,Peru
62,Kathleen Combs,oliverjames@yahoo.com,Moldova
63,Diamond Golden,huynhrebecca@gmail.com,Jamaica
64,Morgan Anderson,victorclark@yahoo.com,Comoros
65,Philip Tran,fthomas@moore.com,Comoros
66,William Krause,millerethan@johnson.com,Dominican Republic
67,Melissa Roberts,edwardvelasquez@romero.com,Guatemala
68,Douglas Mitchell,jmcdaniel@jones-norton.com,Equatorial Guinea
69,Jack Smith,daniel56@deleon.com,New Caledonia
70,Margaret Kelly,diaznicole@hotmail.com,Croatia
71,Joseph Frederick,fwhitney@bryant.com,Ukraine
72,Connor Coffey,veronica06@braun.info,Paraguay
73,Malik White,lcisneros@olson.com,Mayotte
74,Nicole Cook,timothymorris@hotmail.com,American Samoa
75,Debra Lee,justinmartinez@evans.biz,Peru
76,Alexa Wilson,areynolds@robinson.biz,Rwanda
77,Jacob Bryant,webbamy@decker.com,Ghana
78,Traci Conner,brownmichelle@yahoo.com,Senegal
79,Jonathan Anderson,tthompson@hotmail.com,Eritrea
80,Michael Perez,danielmendez@adkins-carter.net,Norway
81,Chris Harris,derekaguirre@gmail.com,Wallis and Futuna
82,Zoe Juarez,andersonmichael@clarke.org,Sudan
83,Michael Chapman,mendozakatherine@gmail.com,Russian Federation
84,Jennifer Simmons,tgarcia@garcia-brown.net,Dominican Republic
85,Lauren Berry,rebecca56@hotmail.com,Martinique
86,Nicholas Ochoa,mhunt@hotmail.com,Sao Tome and Principe
87,James Watson,amandafox@walton.net,Malaysia
88,Joseph Mosley,kevinle@hotmail.com,Vietnam
89,Karen Hunter,april97@wood.com,Ghana
90,Brandon Edwards,wburns@reynolds.info,Seychelles
91,Matthew Williams,morsestacey@gmail.com,Solomon Islands
92,Breanna Hernandez,bethblackwell@taylor.com,Czech Republic
93,Ana Osborne,tfernandez@patterson-doyle.com,Lao People's Democratic Republic
94,Franklin Powers,robert04@blevins.info,United Arab Emirates
95,Tammy Walsh,kevingibson@hotmail.com,Reunion
96,John White,gfowler@rivera-marshall.com,Barbados
97,Kevin Hernandez,hernandezrandall@hotmail.com,Aruba
98,Jason Moore,maryharmon@patrick.com,Korea
99,Brian Diaz,michael46@richardson-cline.com,Czech Republic
100,Rhonda Kim,tgoodman@gonzalez.com,Ecuador
101,Isaac Buchanan,imccoy@gmail.com,Cyprus
102,Dustin Gonzales,hcunningham@hall.biz,Zambia
103,Heather Williams,rhopkins@downs.info,Fiji
104,Elizabeth Fleming,wellsnatalie@gmail.com,Indonesia
105,Laura Hayes,njohnson@yahoo.com,Saint Vincent and the Grenadines
106,Lauren Tate,enelson@yahoo.com,Central African Republic
107,Eric Barnes,johnsonlevi@hotmail.com,French Guiana
108,Mark Wilson,tylerandrew@jones.com,Seychelles
109,Anthony Colon,gmoore@gmail.com,Portugal
110,James Drake,cole10@smith-rogers.com,Barbados
111,Jerry Wright,crystal56@brady-hunt.com,Holy See (Vatican City State)
112,Kathryn Rollins,maldonadomichael@yahoo.com,Andorra
113,Meagan Hall,rturner@hotmail.com,Romania
114,Victoria Martin,shannon74@gomez.net,Saint Barthelemy
115,Jeremy Brock,martinkayla@hotmail.com,Vanuatu
116,Ryan Porter,burnsroger@kane.com,Mozambique
117,Jason Garcia,logan15@gmail.com,Aruba
118,Robert White,annewalker@lewis-mann.biz,Malta
119,Louis Thomas,matthewthornton@gmail.com,Christmas Island
120,Felicia Chambers,lstevenson@gmail.com,Israel
121,Daniel Morales,leslie62@walker.com,Malawi
122,Lori Harris,nharris@wright-nelson.com,Guinea-Bissau
123,Tiffany Lopez,elizabeth41@jensen.com,Peru
124,Melissa Davis,reedjames@yahoo.com,Belgium
125,Kathryn Perez,yrussell@hotmail.com,Mauritius
126,Crystal Rodriguez,patricia02@hotmail.com,Cape Verde
127,Angela Campbell,omanning@hotmail.com,Wallis and Futuna
128,Kaitlyn Stanley,freyisaiah@hotmail.com,Lesotho
129,Dwayne Leblanc,holdennathan@thompson-hall.com,Barbados
130,Nicholas Acosta,nwilliams@gmail.com,Samoa
131,Timothy Shaffer,baileydonna@harris-bush.com,Micronesia
132,Adrienne Mitchell,todd09@hotmail.com,Austria
133,Debra Paul,evanskaren@lynch.com,Taiwan
134,Tanner Rivers,therrera@hotmail.com,San Marino
135,Vicki Tran,hortonrussell@allen.net,Uganda
136,Amber Morales,reeselori@hotmail.com,Bouvet Island (Bouvetoya)
137,Jill Wood,thomasmaureen@hotmail.com,Latvia
138,Joseph Miller,wfarley@reeves.com,Mexico
139,Steven Parker,chowell@yahoo.com,Guadeloupe
140,Randall Hunter,matthewmay@hotmail.com,Cocos (Keeling) Islands
141,John Myers,ronaldramirez@hotmail.com,Gabon
142,Melinda Mays,gomezmichael@yahoo.com,Djibouti
143,Joshua Robinson,jeffreyconway@doyle.com,Syrian Arab Republic
144,Christopher Wells,chadking@martin.com,Venezuela
145,John Hutchinson,stephaniemitchell@yahoo.com,Saint Pierre and Miquelon
146,Denise Mckinney,bethany14@hotmail.com,Tonga
147,Paul Smith,xklein@smith.biz,Solomon Islands
148,Alexander Martin,andreaboyd@goodwin-james.com,Slovenia
149,Emily Reynolds,ctorres@miller-cooke.net,Syrian Arab Republic
150,Amy Hubbard,michael12@yahoo.com,Samoa
151,Bradley Pham,iphillips@gmail.com,Bahamas
152,Peter White,perrystephanie@jacobson-hanson.com,Singapore
153,Daniel Schmidt,reednathaniel@mercer.com,Brunei Darussalam
154,Erica Thompson,milleralexa@wright.com,Uruguay
155,Joshua George,hmoore@williams-meyers.biz,Gambia
156,Heather Fields,ruthsmith@hotmail.com,Honduras
157,Megan Watson,steven01@reed-garcia.com,Botswana
158,Jennifer Wade,lyoung@carey.com,Bangladesh
159,Amanda Miller,cyates@hotmail.com,Montserrat
160,Jerry Reed,williamlynch@gmail.com,Hungary
161,Aaron Glenn,janderson@johnson.org,Zimbabwe
162,Lindsey Hall,steven80@gmail.com,French Guiana
163,Danielle Dougherty,victorlarsen@brown-rivera.com,Netherlands Antilles
164,Jon Holmes,randy16@gmail.com,United States Minor Outlying Islands
165,Anne Anderson,leecynthia@gmail.com,Aruba
166,Edward Taylor,clarktodd@gmail.com,Bosnia and Herzegovina
167,Tony Fisher,qroy@stone.biz,Seychelles
168,Tiffany Guzman,johnstonrobert@yahoo.com,Central African Republic
169,Michael Cortez,johnstonsean@yahoo.com,Spain
170,Lisa Sandoval,jasonbarrett@montgomery-noble.net,Romania
171,Keith Castro,walterslauren@gmail.com,Costa Rica
172,Belinda Koch,smithsarah@johnston-huffman.com,Montenegro
173,Jaime Baker,benjaminkristopher@cruz.com,Gabon
174,Patricia Jensen,obaldwin@gmail.com,Timor-Leste
175,Pamela Carson,sarahvargas@walton-lopez.info,Eritrea
176,William Smith,sarahjones@hotmail.com,Bangladesh
177,James Sanford,anthonyfleming@gmail.com,Uganda
178,Carolyn Wilcox,chadschneider@gmail.com,El Salvador
179,Jenny Meyer,colin03@hutchinson-saunders.org,Cote d'Ivoire
180,Anna Evans,fletcherjacob@gmail.com,Belgium
181,Jamie Wright,vwagner@juarez-cook.org,Mauritius
182,Gabrielle Cox,tannerantonio@yahoo.com,San Marino
183,Jerry Robbins,aliciajones@gmail.com,Mauritius
184,Dennis Rivera,tyoung@garrison-kim.com,Egypt
185,Brenda Reyes,wheelerjasmine@yahoo.com,Isle of Man
186,Corey Smith,ggarcia@henderson-taylor.info,Western Sahara
187,Autumn Benson,vpatton@yahoo.com,Canada
188,Tyler Wright,sarahrichardson@yahoo.com,Saint Barthelemy
189,Robert Tyler,benjamin87@yahoo.com,Cayman Islands
190,Patricia Hopkins,matthew34@gmail.com,Afghanistan
191,Rebecca Mckinney,rbryant@allen.com,Burkina Faso
192,Brandon Garcia,zpeters@hotmail.com,Cyprus
193,Joseph Ferrell,bethany66@gmail.com,Liechtenstein
194,Travis Carter,hreid@yahoo.com,Vanuatu
195,Cory Choi,amyscott@york.com,Paraguay
196,James Williams,brian73@williams.com,Qatar
197,Melinda Kelley,maryrodriguez@gordon.org,Spain
198,Greg Adams,stephen60@yahoo.com,Angola
199,Michael Bowman,harrisjoseph@gmail.com,Congo
200,Mindy Valdez,ianhall@shaffer.com,Western Sahara
201,Dana Lynn,dyeradam@walker.info,Equatorial Guinea
202,Kathryn Peterson,idavis@yahoo.com,Saint Lucia
203,Philip Hatfield,iortiz@james.com,Kazakhstan
204,Cristina Miller,lparrish@hotmail.com,Timor-Leste
205,Rebecca Olson,williamsangela@yahoo.com,Colombia
206,Sandra Gonzalez,vickie95@stephens.biz,Dominican Republic
207,Brian Gould,ericarichardson@jones.com,Equatorial Guinea
208,David Nelson,gibsonjonathan@yahoo.com,Hungary
209,Rodney Obrien,scottdavid@taylor.com,Egypt
210,Tristan Boyer,adamsmichael@gmail.com,Gabon
211,Laura Elliott,kpeck@payne.com,Ghana
212,Kevin Harrison,josepholivia@yahoo.com,Brunei Darussalam
213,Terrence Singleton,nathanielhutchinson@lopez.org,Costa Rica
214,Sandy Davies,tiffanyturner@huff.com,Papua New Guinea
215,Stephanie Leach,vhansen@austin-shah.com,Malaysia
216,James Clarke,tara02@yahoo.com,Qatar
217,William Henderson,rachel10@yahoo.com,Serbia
218,Tonya Henderson,douglaspineda@walters.info,San Marino
219,Jill Buchanan,kayla03@gmail.com,South Africa
220,Sharon Peters,samuel66@davis.info,Yemen
221,Colton Smith,hendersondiane@hotmail.com,Ethiopia
222,Alicia Underwood,lindseychristian@washington.com,Eritrea
223,Shannon Gaines,vhernandez@walker.com,United Kingdom
224,Tara Jackson,strongbrenda@mahoney-bowers.com,Guyana
225,Amy Torres,matthewabbott@hotmail.com,Nigeria
226,Mary Lindsey,kimberlycastaneda@jones.com,Nigeria
227,Kelly Lopez,ramirezkent@gmail.com,Sri Lanka
228,Brian Jimenez,ashley29@evans.com,Christmas Island
229,April Carson,eric64@mays.biz,Marshall Islands
230,Shelly Mills,allenweiss@hotmail.com,Costa Rica
231,Darlene Carter,xparker@hotmail.com,Liechtenstein
232,Holly Berger,qsmith@roberts.com,Papua New Guinea
233,James Clay,daltonallen@yahoo.com,Mexico
234,Kimberly Chang,nmyers@davis.com,Papua New Guinea
235,Timothy Dixon,patrick76@morris.info,British Indian Ocean Territory (Chagos Archipelago)
236,John Carr,elizabethchristensen@gmail.com,Tanzania
237,James Hudson,williamcase@arellano.com,Slovakia (Slovak Republic)
238,Charles Roberts,andrewlewis@hotmail.com,Uruguay
239,Nicholas Evans,jameswilson@martin.com,Wallis and Futuna
240,Monica Williams,robert10@hotmail.com,Bouvet Island (Bouvetoya)
241,Brenda Larson,martinezjay@hotmail.com,Guernsey
242,Thomas Spencer,thomasmorse@gmail.com,Reunion
243,Brandon Graham,aguirredenise@gmail.com,Tajikistan
244,Karla Smith,todd12@miller.com,Macedonia
245,Paul Bradford,kathleen82@hotmail.com,Belize
246,Joshua Garza,jason43@gonzalez.org,Dominican Republic
247,Walter Moore,hernandezjackie@miller-cook.com,Sierra Leone
248,John Gillespie,prattshelly@howell.com,Cayman Islands
249,Timothy Smith,scottmullins@johnson-mitchell.biz,Georgia
250,Hailey Wade,nturner@morgan-nguyen.org,Cocos (Keeling) Islands
251,Nathan Garcia,sandrabishop@carpenter-williams.com,Mexico
252,Tamara Dalton,mbaldwin@harper-adams.com,Angola
253,Alexa Chavez,allenreese@yahoo.com,Qatar
254,Justin Zavala,cookrobert@mayer.com,Uzbekistan
255,Tina Williams,timothygonzalez@gmail.com,Gibraltar
256,Sherry Perez,dkennedy@hotmail.com,Macedonia
257,Daniel Alvarado,andrew96@harris.com,Korea
258,Sabrina Hardin,wilsonleah@jones.com,Kyrgyz Republic
259,Jason Yang,hughesnatalie@nelson.com,Canada
260,William Jackson,kanebarbara@hotmail.com,Greenland
261,Cindy Hamilton,joseph00@ford.info,Namibia
262,Marcia Mccullough,adamsedward@wright-hayes.com,Djibouti
263,James Phillips,susan64@yahoo.com,Georgia
264,Jill Alexander,katie51@cox-miller.com,Western Sahara
265,Lisa Le,joshuasmith@mitchell-clark.org,Ghana
266,Kimberly Brown,robertreed@yahoo.com,Romania
267,Madison Newman,dustintownsend@hotmail.com,Vietnam
268,Nicholas Smith,roykevin@gmail.com,Kyrgyz Republic
269,Tina Black,michael29@hotmail.com,Micronesia
270,Karina Rojas,millstheresa@riggs.com,Saint Helena
271,Vincent Greene,sheilagray@jones-johns.org,Andorra
272,Donna Garcia,cynthiamartin@yahoo.com,Kyrgyz Republic
273,Kayla Barajas,mthomas@hotmail.com,Mozambique
274,Rhonda Wilson,tbenson@costa.net,Australia
275,Hannah Brown,amy88@wilson.com,Netherlands Antilles
276,Mrs. Emily Thomas,paultimothy@price.net,Japan
277,John Davis,scottspencer@yahoo.com,Pakistan
278,Christina Martinez,uclayton@walker.com,Lao People's Democratic Republic
279,Joseph Roth,dodsonkristy@rangel.com,Mauritius
280,Kristina Rowe,mayocharles@reed.biz,Cote d'Ivoire
281,Kathleen Johnson,taylorgomez@yahoo.com,Georgia
282,Joseph Walker,kguerra@hotmail.com,Mozambique
283,James Rodriguez,qwilliamson@hotmail.com,Niue
284,Kathy Wilkins,mark05@yahoo.com,Peru
285,Donna Snyder,laneautumn@hansen-nelson.com,Myanmar
286,Amanda Smith,brandonmorgan@robertson.com,Central African Republic
287,David Mason,tuckerjames@reese.com,Belarus
288,Amanda Nunez,hterry@gonzales-jackson.org,Saint Martin
289,Lisa Roberson,sanchezsteven@kelly.com,Western Sahara
290,Elizabeth Andrews,alyssa65@edwards.info,Burundi
291,Jack Scott,lmedina@floyd-parks.org,Czech Republic
292,Russell Robles,curtisjustin@atkinson.info,Fiji
293,Denise Wilson,dschaefer@yahoo.com,Austria
294,Bryan Wright,erin89@yahoo.com,Panama
295,Mary Webb,amy34@stewart.net,Hong Kong
296,Joe Mcmahon,steven02@barnett.com,New Zealand
297,Albert Howard,angela43@carlson-thompson.org,Netherlands
298,Colin Snyder,zacharymorrow@hickman.com,Lebanon
299,Courtney Thompson,pfarrell@perkins.net,Ethiopia
300,Bryan Lopez,alexander71@ramos.org,Montserrat
301,Robert Miller,corey93@woodard.com,Cocos (Keeling) Islands
302,Donald Brown,joshuabarnett@hart-hardy.com,Holy See (Vatican City State)
303,Claudia Lee,greynolds@wilcox-anderson.com,Poland
304,Dustin Shepherd,hstark@mack-white.com,Northern Mariana Islands
305,Karen Waller,sbooth@winters.com,Aruba
306,Brandon Fisher,othompson@hotmail.com,French Guiana
307,Stanley Wilson,charlesrobbins@hotmail.com,Norfolk Island
308,Stephanie Ford,hollandmegan@jordan.org,Montenegro
309,Amber Boone,garrettdaniel@hotmail.com,Uruguay
310,James Smith,jackie38@pruitt.net,Vanuatu
311,Tony Vega,linrachael@gmail.com,Djibouti
312,Rachel Mathis,victoriaschwartz@hotmail.com,Luxembourg
313,James Werner,biancascott@holmes-lewis.com,Malta
314,Zoe Allen,elizabeth64@hotmail.com,Faroe Islands
315,Michael Harris,grosskaren@gallegos-wheeler.biz,Pitcairn Islands
316,Rachel Mahoney,washingtonsarah@wright.com,Jersey
317,Wendy Barron,laurawalker@yahoo.com,Fiji
318,Chad Chavez,williamherman@james.com,Marshall Islands
319,Lori Howard,christophergrant@reese.net,Peru
320,Stephanie Martin,donna06@underwood.com,Moldova
321,David Bishop MD,acampbell@perry.com,Belize
322,Mallory Dominguez,huntsteven@reed.info,Morocco
323,Kylie Elliott,colleenhopkins@jones-brown.com,Honduras
324,Michael Cruz,patriciagomez@gmail.com,Slovenia
325,Julie Hoffman,lisaswanson@gmail.com,Cyprus
326,Jessica Davenport,ibarraamanda@torres.com,Saudi Arabia
327,Ryan Blevins,bradshawalexis@gmail.com,Mauritania
328,Carrie Martinez,abigailrussell@hotmail.com,Ethiopia
329,Ashley Acevedo,michael47@martinez.info,Iran
330,Tamara Brown,qmartin@hotmail.com,Cyprus
331,Colin Mccullough,rhenry@gmail.com,Ecuador
332,Austin Smith,brett20@yahoo.com,Algeria
333,Pamela Morris,chad05@yahoo.com,French Southern Territories
334,Brenda Douglas,haasdarlene@gmail.com,Iraq
335,Natalie Smith,abigailreyes@hotmail.com,Nauru
336,Julie Perry,natalierandolph@gmail.com,Slovenia
337,Brittney Baldwin MD,zunigajonathan@yahoo.com,Kiribati
338,Justin Davis,nicholas02@hotmail.com,Iran
339,Alice Rodriguez,david62@hotmail.com,Hungary
340,Kevin Booth,elizabethcraig@blair.com,Sweden
341,Jennifer Silva,jenniferwilliams@hammond.com,Gibraltar
342,Heather Gay,rscott@hotmail.com,Egypt
343,Kelly Horton,jbrowning@yahoo.com,Malta
344,Christine Holmes,bshaw@gonzalez.net,Vietnam
345,Adam Hunter,whaynes@salinas.info,Portugal
346,Mark Stafford,rileymichael@ali.info,Honduras
347,Jennifer Robbins,hillkevin@gmail.com,Guam
348,Leah Simpson,fclarke@gmail.com,Israel
349,Raymond Lopez,robin70@hotmail.com,Burkina Faso
350,Michael Reeves,eanderson@yahoo.com,Cocos (Keeling) Islands
351,Brenda Shannon,heatherharris@jimenez.com,Ethiopia
352,Stephanie Martin,john90@phelps-fox.com,Korea
353,Daniel Rios,maria53@yahoo.com,Indonesia
354,Joseph Morgan,ybaker@kerr-brown.info,Niue
355,Wayne James,ilopez@martinez.org,Chile
356,Kathleen Oconnor,chadmeyer@gmail.com,Eritrea
357,Zachary Martinez,moorevanessa@hotmail.com,Romania
358,James Woods,qross@martinez.info,Morocco
359,Aaron Nunez,htate@hotmail.com,Haiti
360,Adam Duffy,camposcalvin@yahoo.com,Indonesia
361,Frank Barnes,vanessa87@alexander-carr.com,Sweden
362,Sarah Mathews,kimberlycastillo@jones.com,Bulgaria
363,Tiffany King,woodcharles@gmail.com,Antigua and Barbuda
364,Joshua Shepard,hlee@hotmail.com,Australia
365,Justin Torres,xthompson@hotmail.com,Taiwan
366,Abigail Jackson,sara14@rubio.com,Norfolk Island
367,Heather Mckenzie,cartertina@garrett-chambers.biz,Cayman Islands
368,Melody Taylor,johnsonbrady@gmail.com,Montenegro
369,Daniel Ball,williamsmaria@hotmail.com,Nigeria
370,Mindy Villarreal,smithtracy@black-wong.com,New Caledonia
371,Tyler Sharp,nashmichelle@yahoo.com,Nigeria
372,Michael Smith,tanyahuynh@murphy.net,Malta
373,Maria Mann,jramirez@mathews-scott.com,Dominica
374,Jason Thomas,jill84@gmail.com,Pitcairn Islands
375,David Simpson,jeffery14@hill-hamilton.biz,Faroe Islands
376,Neil Martinez,farleybrittney@yahoo.com,Tanzania
377,Robert Smith,hardyjohn@mcdonald-williams.com,Gibraltar
378,James Lewis,ojohnson@johns.info,Senegal
379,David Hardy,laurahodges@hotmail.com,Liechtenstein
380,Albert Franklin,hbutler@sims-miller.info,Albania
381,Austin Ellis,dawnmyers@garcia.com,Aruba
382,Jennifer Rose,ryanmcclure@gmail.com,Niue
383,Raymond Garcia,whitesteven@leon.biz,Niger
384,Megan Sanford,gdelgado@li.net,Korea
385,Sean Gilbert,peterstewart@yahoo.com,Austria
386,Kimberly Miller,trujillojean@hotmail.com,New Caledonia
387,Stacey Wilson,uowens@ayala.com,Nepal
388,Nicholas Davis,srasmussen@gmail.com,Burundi
389,Michael Clay,brianagomez@beard.com,Mauritius
390,Jennifer Murray,pkirk@walker-tucker.org,Japan
391,Jonathan Shea,lisamendoza@gmail.com,Puerto Rico
392,Amy Wilkins,jasonlopez@gmail.com,Gabon
393,William Stone,zacharyvega@gmail.com,Saint Vincent and the Grenadines
394,Jessica Lopez,npham@suarez-miller.biz,Poland
395,Sarah Green,cameronburke@harmon.biz,Kyrgyz Republic
396,Daniel Aguilar,cory60@gmail.com,Malawi
397,Debbie Brown,wangchristina@price-duncan.biz,India
398,Michele Patterson,stephenkelly@gmail.com,Angola
399,Angela Jensen,kingkelly@harris-miller.com,Romania
400,Samuel Ibarra,aaron54@gmail.com,Zimbabwe
401,Mrs. Julie Graham,megan19@gmail.com,Cuba
402,Angela Pollard,lance00@miranda.com,Grenada
403,Aaron Lee,wilsonangelica@yahoo.com,Barbados
404,Terry Farmer,fmartin@bentley.info,Albania
405,Lisa Hamilton,asmith@cohen.com,Bahamas
406,Christine Faulkner,tarathomas@hotmail.com,Liechtenstein
407,Anthony Perez,sanchezcharles@gmail.com,Russian Federation
408,Krista Mcdonald,baileypaul@hotmail.com,Luxembourg
409,Rebecca Jordan,terrihudson@yahoo.com,Kyrgyz Republic
410,Jacob Mccann,dylan18@yahoo.com,India
411,Ian Buckley,velazquezchristopher@lewis.com,Madagascar
412,Jamie Morgan,yuelizabeth@newton.net,Qatar
413,Jenna Burton,jenniferburns@hotmail.com,Portugal
414,Jenna Blanchard,amandafleming@hotmail.com,Latvia
415,Tanya Thompson,vtaylor@gmail.com,Slovakia (Slovak Republic)
416,Amber Mathews,turnerstacey@yahoo.com,Sudan
417,Karl Woods,ryannicholas@hotmail.com,Kuwait
418,Brian Fuentes,james78@nash.org,Indonesia
419,Krystal Hull,julieadams@graham.com,Cambodia
420,Louis Boone,simsjennifer@hotmail.com,Taiwan
421,Wanda Duncan,owilliams@gmail.com,Russian Federation
422,Shannon Larson,umason@yahoo.com,Vietnam
423,Tina Webb,amandamorrison@jones.net,Liechtenstein
424,Garrett Werner,qnunez@drake.info,Zambia
425,Kyle Salinas,craighampton@gmail.com,Gambia
426,Bradley Burke,bryanwilson@gmail.com,Kuwait
427,Katherine Curtis,heather90@montoya.com,Algeria
428,Adam Santana,melissa79@gmail.com,Slovakia (Slovak Republic)
429,Rachel Young,croth@gmail.com,Australia
430,Charles Knapp,gregory60@jones.biz,Jersey
431,Jessica Mullins,pamelawilliams@gmail.com,Senegal
432,Emily Wade,deborah21@mills-cruz.net,French Polynesia
433,Jasmine Wright,shawnyoung@hotmail.com,Ghana
434,George Roberts,harmondonna@allen-gray.com,Turks and Caicos Islands
435,Christopher Howell,jamescampos@lopez.com,Monaco
436,Michael Alexander,harmonscott@benjamin-douglas.com,Cameroon
437,Jacob Garcia,ecampbell@hull.com,Congo
438,Sarah Allen,jbaker@yahoo.com,Hungary
439,Daniel Sims,jporter@gmail.com,Micronesia
440,Gerald Anderson,clawson@hotmail.com,Saint Kitts and Nevis
441,Rebecca Mills,kbrown@yahoo.com,Korea
442,Amber Smith,steinclayton@hotmail.com,Bahamas
443,Justin Allen,ykerr@hart-butler.info,Mauritania
444,Nathaniel Singh,maldonadoyolanda@gmail.com,Slovenia
445,Kevin Roberts,tthomas@caldwell.org,Belize
446,Kenneth Parks,hclay@hotmail.com,Denmark
447,Julia Foster,bradywagner@caldwell-simpson.com,Honduras
448,Michael Bridges,xcampbell@hensley.net,Wallis and Futuna
449,Amanda Barker,gabrielbrown@anderson.com,French Southern Territories
450,Vanessa Maldonado,leestephanie@lowe.com,Heard Island and McDonald Islands
451,Sarah Garcia,warrencrystal@hotmail.com,Belgium
452,Linda Nguyen,alejandromartinez@yahoo.com,United States of America
453,Sydney Hanna,moonchristopher@yahoo.com,Mayotte
454,Melinda Pierce,knightmarc@gmail.com,Sweden
455,Anthony Keller,lisa60@hotmail.com,Gambia
456,Jacob Martin,amandawilliams@gmail.com,Belize
457,Heather Crawford,aprilcaldwell@hotmail.com,Iran
458,Jessica Ellis,astephens@hotmail.com,Mali
459,Jennifer Castillo,fgibson@gillespie.info,Belarus
460,Jessica Duncan,codysmith@gmail.com,South Africa
461,John Kelly,christopher99@yahoo.com,Djibouti
462,Brittney Tran,andrewbishop@velasquez.com,Yemen
463,Susan Hall,karenhenry@george-randall.com,Bhutan
464,Carolyn Holmes,brett58@yahoo.com,Yemen
465,Alexis Curtis,sandraclay@hotmail.com,Finland
466,Brandy Barker,eryan@gonzalez-brown.info,Cape Verde
467,Susan Matthews,barnesvincent@yahoo.com,Thailand
468,Ronald Smith,stevensjoshua@yahoo.com,Puerto Rico
469,Melissa Schmidt,velazquezanne@yahoo.com,Falkland Islands (Malvinas)
470,Todd Sharp,thomassuarez@yahoo.com,Saudi Arabia
471,Nicholas Hughes,mary55@moore.com,Zimbabwe
472,April Woods,jeremyhaynes@jones-english.biz,Lao People's Democratic Republic
473,Matthew Cruz,tara60@yahoo.com,Western Sahara
474,Sherry Cruz,jonesdaryl@sanders.info,Myanmar
475,Danny Blanchard,carlatate@gmail.com,Morocco
476,Cameron Blackburn,luisdalton@gmail.com,Mauritius
477,Ana Cochran MD,nicholasrhodes@ramos.org,Turkey
478,Emily Scott,brownshannon@hotmail.com,Eritrea
479,Kathleen Johnson,terriescobar@yahoo.com,Egypt
480,Robert Ball,kayla99@smith.com,Eritrea
481,Kevin Murphy,hammonddavid@hotmail.com,Angola
482,John Webb,daniel09@gmail.com,Brazil
483,Aaron House,harrislori@hotmail.com,Macao
484,Rachel Wells,barnesmarissa@gross.com,New Zealand
485,Holly Brown,vwatts@berry-arnold.info,Lebanon
486,Thomas Price,yshah@gmail.com,Afghanistan
487,Isaac Howard,nwilliams@gmail.com,Timor-Leste
488,Daniel Phelps,rodriguezpatrick@garcia.com,Burundi
489,Paul Cline,teresa64@guzman.com,Turks and Caicos Islands
490,Mark Mcdonald,jonesnicholas@perez-gonzalez.org,Tokelau
491,Stephen Payne,peter31@yahoo.com,Czech Republic
492,Joseph Thomas,barkermaria@cantu.org,Latvia
493,Amy Garcia,lisa57@gmail.com,Slovakia (Slovak Republic)
494,Wayne Conley,grace70@yahoo.com,Cameroon
495,Gordon Brown,kimberly49@gmail.com,Bahrain
496,Alexis Long,silvavictor@baker.biz,Croatia
497,Elizabeth Arnold,hudsonbrandon@gmail.com,Estonia
498,Mary Aguilar,ylee@davis-garrett.biz,Algeria
499,Joshua Patel,ericwalker@hopkins-grant.com,Palestinian Territory
500,Beth Daniels,omoore@carter-hayes.com,Brazil
501,Lindsey Perkins,murphyryan@yahoo.com,Antigua and Barbuda
502,Katherine Lowe,clarkchristina@gmail.com,Niger
503,David Cooke,richardwarren@gmail.com,Central African Republic
504,Adriana Watson,simpsonmatthew@yahoo.com,Bangladesh
505,Alyssa Merritt,morganking@hotmail.com,Oman
506,Rodney Wright,mendozaerin@yahoo.com,Lao People's Democratic Republic
507,Gregory Gonzalez,denisefrederick@hernandez.com,Andorra
508,James Parker,howen@hardin.com,India
509,Angela Horn,chambersheather@jimenez.com,Tuvalu
510,James Hill,xstevens@carr.com,Eritrea
511,Hailey Lamb,laurieallen@mckenzie.com,Kazakhstan
512,Madeline Martin,alexandernicholas@owen.info,Angola
513,David Young,jhughes@yahoo.com,Fiji
514,Joseph Smith,lopeznancy@casey-smith.com,Mexico
515,Brittany Williams,brian74@gmail.com,Heard Island and McDonald Islands
516,Joseph Douglas,tinagarcia@davis.net,France
517,Jason Green,karina87@gmail.com,Swaziland
518,Tony Butler,bauermary@adams.org,Tunisia
519,Claire Gibson,amy40@yahoo.com,Guadeloupe
520,William Ray,donna38@hotmail.com,Dominica
521,Michelle Buckley,aaronochoa@hotmail.com,Morocco
522,Jonathan Torres MD,mary77@yahoo.com,Benin
523,Stephanie Rivera,amanda19@reynolds.com,United States Virgin Islands
524,Valerie Hill,krichardson@herrera-rice.com,Guadeloupe
525,Rodney Lee,andersonanthony@gmail.com,Latvia
526,Tiffany Grant,elizabeth89@hotmail.com,Kazakhstan
527,Caroline Smith,pittmanchristina@yahoo.com,French Southern Territories
528,Christina Maldonado,fullerwilliam@thomas.org,Pakistan
529,Lisa Russell,figueroascott@todd.info,Finland
530,Anita Garcia,cynthia21@brown.com,Yemen
531,Amy Johnson,travisbrooks@mooney.com,Eritrea
532,Daniel Jackson,royvilla@andrews.info,Nauru
533,Claire Herring,austin06@yahoo.com,Moldova
534,Scott Johnson,pclark@black-curry.com,Jordan
535,Jay Alexander,matthew84@gmail.com,Paraguay
536,Lee Page,qlowe@yahoo.com,Saudi Arabia
537,Daniel Colon,goldenandrea@smith.com,Switzerland
538,Alexander Rodriguez,joshua09@foster.com,Hong Kong
539,Angela Kelly,ybeck@savage-mathews.com,Malta
540,Victoria Carroll,alex24@hernandez.com,Bermuda
541,Peter Joseph,msullivan@hotmail.com,Bolivia
542,Bonnie Harvey,leslieharrison@gmail.com,Indonesia
543,Angela Nash,camerontyler@simmons.info,Aruba
544,Allen Silva PhD,rnielsen@molina.com,Switzerland
545,Stephen Lee,vbrown@hotmail.com,Cambodia
546,Megan Miller,kjackson@gmail.com,Australia
547,Jonathan Vincent,kristy37@hotmail.com,Slovenia
548,Patty Poole,tammy34@gmail.com,Tunisia
549,Sydney Lee,arasmussen@gmail.com,Canada
550,Sarah Liu,damondickson@harris.org,Gambia
551,Ryan Chang,matthew03@hotmail.com,Indonesia
552,Brandi Bailey,emeyer@gmail.com,Saint Kitts and Nevis
553,Susan Vasquez,thomas65@arnold-poole.com,Guatemala
554,Kevin Munoz,scott36@gmail.com,Vietnam
555,Sabrina Guzman,steven35@cunningham-bryant.org,Lao People's Democratic Republic
556,Ryan Nunez,tamaracantrell@norton.com,Czech Republic
557,Johnny Harrell,hardingkathleen@hotmail.com,Netherlands
558,Richard Figueroa,maxwellrobinson@yahoo.com,Ireland
559,Anthony Johnson,millerangela@yahoo.com,Estonia
560,Alec Wilson,umeza@brown.org,Macao
561,Daniel Dunn,thompsonbarry@berger.com,Armenia
562,Joshua Mendez,lozanochristine@yahoo.com,Grenada
563,Melinda Cole,handerson@gmail.com,Pakistan
564,Shane Nicholson,tkaiser@gmail.com,Colombia
565,Jennifer Jones,fernandezcarrie@yahoo.com,Tunisia
566,Ronald Walker,ramirezjonathan@hotmail.com,Haiti
567,Tami Malone,douglasrodriguez@thompson.com,Nauru
568,Stacey Valenzuela,andreaadams@martinez.net,Angola
569,Evan Hudson MD,berryjennifer@stewart-benjamin.com,Martinique
570,Jessica Calderon,khernandez@jones-dickson.com,Saint Pierre and Miquelon
571,Cynthia Irwin,fergusonbrandon@sellers-smith.com,Tokelau
572,Richard Henry,william89@ward.org,Syrian Arab Republic
573,Linda Terry,danielharrington@yahoo.com,Sweden
574,Julie Morse,hlee@mcneil-alexander.info,Germany
575,Larry Allen,lflores@davis.biz,Indonesia
576,Richard Roman,emily81@jordan.com,Moldova
577,Olivia Rios,nicholsonmichael@hotmail.com,Mongolia
578,Joseph Johnston,steve07@edwards.com,Azerbaijan
579,Lisa Jones,medinamichael@williamson.info,Malta
580,Anna Pena,devin20@davis.com,French Polynesia
581,Kenneth Crane,denise35@gmail.com,Somalia
582,Kayla Flores,murphycarl@hotmail.com,Sri Lanka
583,Lori Mccormick,uanderson@hotmail.com,Malawi
584,Benjamin Sharp,wrightrandall@harrington.com,Serbia
585,Vanessa Williams,sarah19@hotmail.com,Slovenia
586,Gene Bailey,sheltonvickie@willis.biz,Antarctica (the territory South of 60 deg S)
587,Ryan Green,marymiles@yahoo.com,Brazil
588,Andrew Dominguez,melissa67@morton-peters.com,French Polynesia
589,Benjamin Robinson,along@gibson.org,Finland
590,Robert Robbins,karenjohnson@hotmail.com,San Marino
591,Mrs. Kendra Lopez,riveralaura@gmail.com,Trinidad and Tobago
592,Victoria Gonzalez,rbanks@yahoo.com,Svalbard & Jan Mayen Islands
593,Amy Mathis,hmejia@garcia.biz,Netherlands
594,Dr. Monica Sanchez,xholloway@gmail.com,Latvia
595,Charles Jones,gpage@mcintosh.info,Djibouti
596,Charles Crawford,martinchristopher@gmail.com,Senegal
597,Lisa Clements,uaustin@yahoo.com,Estonia
598,David Cox,christophernelson@jackson.com,Italy
599,Elizabeth Madden,justinsmith@giles.biz,Mayotte
600,Tyler Robinson,nicholastorres@hotmail.com,Brunei Darussalam
601,Kathleen Reyes,ballmichelle@hotmail.com,Malta
602,Keith Hurst,jennifer12@gmail.com,Netherlands
603,Kayla Ortiz,richardweiss@hotmail.com,Mexico
604,Pamela Hernandez,briancampbell@nelson.org,Lebanon
605,Anita Dominguez,dgamble@wright-newton.org,Niue
606,Stephanie Colon,christine91@perez.com,Panama
607,George Thomas,stephanie96@brown-jensen.org,Bouvet Island (Bouvetoya)
608,Maria Clark,mark80@avila.com,Lesotho
609,Jeremiah Hanna,theodore31@hotmail.com,Georgia
610,Elizabeth Martinez,imaxwell@key.com,Grenada
611,Matthew Salazar,jeremy16@gmail.com,Montserrat
612,Joel Cowan,rebecca56@yahoo.com,United States Virgin Islands
613,Alan Barker,marshallmary@martinez-ibarra.com,Panama
614,Bobby Farmer,douglasparks@hotmail.com,France
615,Samantha Gutierrez,bsnyder@stout.com,Kuwait
616,Craig Morgan,vparker@gmail.com,Trinidad and Tobago
617,Catherine Wilkinson,margaretchaney@hotmail.com,Antigua and Barbuda
618,Jacob Robles,cheryl01@yahoo.com,Poland
619,George Bailey,hstewart@hotmail.com,Cayman Islands
620,Carlos Williams,rayjustin@hotmail.com,Congo
621,Tracy Ferguson,kathleenandrews@melton-avery.com,Kenya
622,Paul Thomas,usanders@taylor.com,Tunisia
623,Audrey Velasquez,alicia95@yahoo.com,Italy
624,Lauren Roberson,jasmine42@dixon.net,El Salvador
625,Kenneth Sharp,kelly66@carroll.com,Switzerland
626,Robert Herrera,laura03@gmail.com,American Samoa
627,Katrina Beasley,evelyn30@yahoo.com,Malaysia
628,Ashley Jefferson,cowanmatthew@hotmail.com,Congo
629,Summer Wolf,taylorvincent@hotmail.com,Comoros
630,Tiffany Houston,taracohen@hotmail.com,Serbia
631,Paula Nichols,melissakelley@yahoo.com,Christmas Island
632,Priscilla Moore,blackwelljames@yahoo.com,Luxembourg
633,Ruben Adams,mhicks@stewart.com,Anguilla
634,Kelsey Miller,david48@ross.com,Saint Lucia
635,Kelsey Hernandez,icox@cook-stanley.com,Mozambique
636,Richard Graham,fcampbell@lynch.org,Korea
637,Mrs. Amber Stephens,andrew87@smith.biz,South Africa
638,Corey Richardson,stephaniedurham@yahoo.com,Swaziland
639,Tiffany Escobar,laurabraun@dawson.info,Solomon Islands
640,Mrs. Julia Bartlett,tanyafernandez@yahoo.com,Pitcairn Islands
641,Amy Trujillo,erikahopkins@hotmail.com,Benin
642,Mark Morgan,kristinamartin@hotmail.com,Guyana
643,Monica Vega,dmoore@lopez.com,Guinea
644,Kevin Franklin,mackjames@brown.com,Reunion
645,Jason Bishop,brownjessica@yahoo.com,Trinidad and Tobago
646,Christian Castro,todd45@bender.info,Kiribati
647,Rebecca Freeman,heather75@hotmail.com,Vanuatu
648,Jesse Wright,oking@yahoo.com,Zambia
649,Katrina Anderson,jeffrey77@gmail.com,Lesotho
650,Derek Sharp,jessica75@gmail.com,French Guiana
651,Martha Hill,rebecca76@gmail.com,Mozambique
652,Donna Serrano,morristodd@yahoo.com,Japan
653,Lisa Wilson,tammynavarro@stevens.org,Heard Island and McDonald Islands
654,Andrew Bean,jeremiahherrera@hotmail.com,Chad
655,Jacob Schmitt,sandraellis@price-white.com,Iraq
656,Amanda Moore,alexanderbrad@gmail.com,Romania
657,Daniel Garcia,robert62@brooks-long.com,British Indian Ocean Territory (Chagos Archipelago)
658,John Rasmussen,william27@yahoo.com,Cook Islands
659,Angela Ortega,taylor72@yahoo.com,Comoros
660,John Roberts,kimberlybrandt@gmail.com,Turkey
661,Tammy Rodriguez,butlerkelly@hotmail.com,Spain
662,Billy Perez,fchavez@yahoo.com,Cyprus
663,Samantha Miller,erica33@yahoo.com,Comoros
664,Ryan Watson,jrichardson@yahoo.com,Bermuda
665,Emily Sparks,umartinez@yahoo.com,Costa Rica
666,Maria Carroll,mhuber@hood.com,Somalia
667,Joseph Abbott,cparsons@gmail.com,Montenegro
668,Jason Mills,jparrish@yahoo.com,Turks and Caicos Islands
669,Samuel Collins,hudsontracy@gmail.com,United States of America
670,Jason Foster,gloria16@gmail.com,Cook Islands
671,William Mcneil,brownjessica@yahoo.com,Samoa
672,Cody Walker,nathanadkins@cardenas-wilson.net,Maldives
673,Angela Howard,phillip38@barr.com,Antarctica (the territory South of 60 deg S)
674,Jason Vargas,brendasmith@haley-martin.info,Madagascar
675,Jacob Lee,mark20@rodriguez-long.com,Cape Verde
676,Sandra Bradley,kellyjason@hotmail.com,Grenada
677,Bradley Miller,emarsh@wolfe.biz,Egypt
678,Crystal Smith,joseph65@yahoo.com,Marshall Islands
679,Robyn Edwards,jimmyjuarez@fisher.com,Bouvet Island (Bouvetoya)
680,Garrett Lambert,smithlinda@yahoo.com,Singapore
681,Teresa Nelson,sporter@gmail.com,Chile
682,Amber Sandoval,randallarmstrong@davis.biz,Canada
683,Austin Davis,nsummers@hotmail.com,Russian Federation
684,Christina Ford,hwilliams@gmail.com,Morocco
685,Kathryn Norton,garciaallison@terrell-zavala.com,Libyan Arab Jamahiriya
686,Deborah Wood,clarknicholas@daniel.net,French Guiana
687,Julia Wang,rjohnston@young.com,Saint Kitts and Nevis
688,Timothy Reyes,matthewscott@hotmail.com,Norfolk Island
689,Heather Ward,ljohnston@anderson.com,Burundi
690,Charles Moore,timothy56@murray.info,Cocos (Keeling) Islands
691,Judith White,elizabethelliott@gregory.com,American Samoa
692,Lisa Johnson,davisthomas@gmail.com,Venezuela
693,Juan Webb,adam96@paul.com,Vietnam
694,Kendra Ford,reynoldskeith@hotmail.com,Peru
695,Travis Caldwell,moniquemaxwell@jensen.com,French Southern Territories
696,Katie Mclaughlin,odaniel@dean.com,Korea
697,Kevin Torres,maciaschristine@gmail.com,British Indian Ocean Territory (Chagos Archipelago)
698,Amy Ellison,christophertaylor@hotmail.com,Niger
699,Julie Andrews,trevor66@peterson-scott.com,Cape Verde
700,Joseph Morris,david76@hotmail.com,Angola
701,Amy Rollins,mcguireshannon@hotmail.com,Bermuda
702,Lawrence Beasley,fhaynes@hotmail.com,Timor-Leste
703,Nicole Phillips,byrdmarcia@sullivan.info,Isle of Man
704,Brandon Gregory,juliecasey@gmail.com,Iran
705,Ashley Lane,hortonbrett@martin.com,New Caledonia
706,Lisa Campbell,mary10@gmail.com,Turks and Caicos Islands
707,Wesley George,cynthiawoods@yahoo.com,Faroe Islands
708,Christopher Jones,randy28@hotmail.com,Heard Island and McDonald Islands
709,Megan Carrillo,theresa96@yahoo.com,Holy See (Vatican City State)
710,Tina Phillips,jacob40@chen-keith.info,Costa Rica
711,Mark Newman,hooperbrenda@hotmail.com,Cayman Islands
712,John Savage,catherine59@hotmail.com,Saint Kitts and Nevis
713,Jorge Patterson,erikwilliams@smith-dixon.info,Brunei Darussalam
714,Roger Singh,apriljennings@barnes.net,Chad
715,David Lee,ronniedominguez@hotmail.com,Netherlands Antilles
716,Lisa Cain,mruiz@wright-ryan.com,Antigua and Barbuda
717,Tina Henderson,charleswood@yahoo.com,French Guiana
718,Alyssa Perez,griffithwendy@walsh.com,Palestinian Territory
719,Makayla Graham,herringkevin@yahoo.com,Armenia
720,James Barrera,owallace@carter.biz,Antarctica (the territory South of 60 deg S)
721,Julia Jones,kingkayla@king-powell.com,Malaysia
722,Jessica Copeland,kelly87@yahoo.com,Bolivia
723,Mary Smith,vdunn@murillo.net,Colombia
724,Brenda Miles,mooresean@gmail.com,Martinique
725,Donna Lawrence,howardmiller@bishop.biz,Malaysia
726,Michelle Ramos,williamfrazier@sutton.com,Suriname
727,Christina Mendoza,kimberly35@clarke.com,Swaziland
728,Michele Wright,elizabeth35@gmail.com,New Caledonia
729,Jennifer Nichols,xcarter@owen.info,Central African Republic
730,Michael Padilla,lisa92@yahoo.com,Uruguay
731,Jennifer Vaughn,benitezlauren@young.com,Eritrea
732,Michael Lewis,ocampbell@hart.com,Tunisia
733,Dylan Garcia,deborah71@gmail.com,Gabon
734,Kathy Williams,loriwhite@melendez-hall.info,Turks and Caicos Islands
735,Kathryn Graham,alisha22@yahoo.com,Madagascar
736,Sean Martin,christopherlam@hotmail.com,Micronesia
737,Jason Bartlett,benjamin89@hotmail.com,Burundi
738,David Patton,arhodes@yahoo.com,Cyprus
739,Ashley Russell,sararamirez@hotmail.com,Saint Kitts and Nevis
740,Joseph Benson,zoe14@yahoo.com,Liechtenstein
741,Christy Sellers,laura50@hotmail.com,Cameroon
742,Robert Ruiz,brendahill@johnson-dominguez.com,Guatemala
743,Brian Young,colleencardenas@yahoo.com,Sao Tome and Principe
744,Sean Nixon,fberry@gregory.com,Tajikistan
745,Deborah Strong,pperry@hotmail.com,Macedonia
746,Matthew Rice,egreen@yahoo.com,Switzerland
747,Nathan Hale,ssmith@gmail.com,Luxembourg
748,Sherry Reed,stevensbobby@gmail.com,Burundi
749,Michelle Ramos,leegregory@gmail.com,Kyrgyz Republic
750,Katherine Martinez,hmurphy@hotmail.com,Colombia
751,Walter Garcia,vaughncraig@ellis.com,Sao Tome and Principe
752,Pamela Anderson,tammy26@horton-bolton.com,Antarctica (the territory South of 60 deg S)
753,Mrs. Katie Henderson,richard73@berry.com,Svalbard & Jan Mayen Islands
754,Joseph James,santanadennis@hotmail.com,Saint Vincent and the Grenadines
755,Anthony Harris,nhammond@hardin-lang.biz,Latvia
756,David Hansen,oscarfuller@pollard-smith.biz,Anguilla
757,Mason Sanchez,dominiquemartin@johnson.com,Congo
758,Samantha Wilson,wendy19@gmail.com,Saint Helena
759,Stephanie Stevens,michael37@hotmail.com,Indonesia
760,Barbara Ramirez,pnicholson@hotmail.com,Cook Islands
761,David Mcdowell,hwalsh@farley-harper.com,Turkmenistan
762,Katie Vargas,gknight@hotmail.com,Cape Verde
763,Matthew Mullins,scott73@wood-moore.biz,Faroe Islands
764,Elizabeth Hart,jamie58@hotmail.com,Iran
765,Nicole Ochoa,brandonlopez@jenkins.com,United Arab Emirates
766,Brian Phillips,qbaker@gmail.com,Kuwait
767,James Wolf,michaelcaldwell@hall-hoover.com,Puerto Rico
768,Maria Long,jasongeorge@fisher.biz,Holy See (Vatican City State)
769,Emily Klein,edavis@hotmail.com,Congo
770,Nicole White,alicia14@walker.biz,Cameroon
771,Cindy Johnston,knighttracy@long.com,Equatorial Guinea
772,Micheal Juarez,murphycassidy@hotmail.com,Seychelles
773,Matthew Taylor,rebecca46@yahoo.com,Rwanda
774,Mr. Michael Foster,hschultz@yahoo.com,Chile
775,Michael Marks,samanthaharrison@gmail.com,Andorra
776,Cathy Navarro,david50@yahoo.com,Costa Rica
777,Dustin Brown,riveraeric@stephens.net,Oman
778,Connie Velazquez,andrea59@martin-ford.info,Monaco
779,Kelly Collier,oporter@yahoo.com,Colombia
780,Mary Mejia,biancameyers@hotmail.com,Switzerland
781,Michael Garcia,wileywilliam@lopez.com,Anguilla
782,Dr. Aaron Lyons,steven32@rangel.com,Libyan Arab Jamahiriya
783,Elizabeth Torres,chunt@hotmail.com,Bahrain
784,Ryan Morris,watsonlarry@gmail.com,Russian Federation
785,Kelly Higgins,rhouse@cooper.com,Nigeria
786,Daniel Hahn,shirleywalker@martin.com,Egypt
787,Lynn Shaffer,angelicarose@yahoo.com,Nepal
788,Yvonne Barrett,karenjackson@hotmail.com,Greece
789,Jessica Wright,qtrevino@yahoo.com,Botswana
790,Brittany Long,omedina@hoffman-wilson.com,New Zealand
791,Paul Richardson,morrisevan@young-terry.com,Saudi Arabia
792,Jermaine Jennings,matthew53@hotmail.com,Greece
793,Daniel Bishop,esmith@gmail.com,Monaco
794,Sara Carson,theodorewood@morris-shah.com,Switzerland
795,Austin Oneal,sherimedina@duncan-garcia.net,Equatorial Guinea
796,Michael Fields,donaldvega@mcbride.com,China
797,Isaac Todd,lhood@gmail.com,Canada
798,Carla Peterson,jackthomas@richard-delacruz.org,Holy See (Vatican City State)
799,Cassandra Ross,kristenpowell@gmail.com,Luxembourg
800,Jose Cummings,idorsey@jones.com,Mozambique
801,Sarah Garza,thompsoncaitlin@gmail.com,Palau
802,William Lee,banderson@gmail.com,Cyprus
803,Shannon Garcia,moralesedward@gray.com,Philippines
804,Kenneth Underwood,brooke37@richardson-stevenson.com,Burundi
805,Catherine Pruitt,robertdean@abbott.com,Croatia
806,Kristin Hays,sethparker@vang.com,Cape Verde
807,Eric Acosta,clinton39@hotmail.com,Indonesia
808,James Howard,boonerenee@singh-davis.biz,Puerto Rico
809,John Baker,john47@stout.com,Tokelau
810,Jacob Roberts,whitneysimon@hotmail.com,Fiji
811,Kenneth Harris,gerald67@hotmail.com,Liechtenstein
812,Beth Olsen,robertsullivan@gilbert.com,Singapore
813,Angela Johnson,hmorris@hotmail.com,Sao Tome and Principe
814,Samuel Lang,poncejames@caldwell-hayes.com,Bolivia
815,Matthew Clark,carpenterdaniel@gmail.com,Nigeria
816,Jacob Reyes,sharon62@yahoo.com,Congo
817,Robin English,wjames@gmail.com,Sao Tome and Principe
818,Karen Moore,udavis@gmail.com,Congo
819,Dakota Hernandez,amylewis@obrien.com,Saudi Arabia
820,Katherine Freeman,douglas10@gmail.com,Djibouti
821,David Griffin,ashley06@hernandez.biz,Hungary
822,Melissa Montoya,jonesvalerie@bird.biz,Zambia
823,Erin Chapman,coxchristopher@gmail.com,Kyrgyz Republic
824,David Allen,wardlori@gmail.com,Kyrgyz Republic
825,Timothy Walsh,josephaustin@lopez-summers.net,Kyrgyz Republic
826,Lori Bray,zachary67@sexton.net,Tajikistan
827,Tasha Edwards,walkeremily@gmail.com,Svalbard & Jan Mayen Islands
828,David Rice,taylor45@maxwell.com,Uganda
829,Joseph Blankenship,wolfedavid@gmail.com,Jamaica
830,Brianna Schwartz,gmata@hotmail.com,Oman
831,Tiffany Gonzalez,wnelson@yahoo.com,Cyprus
832,Erika Douglas,jonlee@gmail.com,Brazil
833,John Kaiser,gibsonjoel@gmail.com,Guernsey
834,Lisa Murphy,jessicajacobs@adams.com,Kyrgyz Republic
835,Mandy Figueroa,francesstewart@yahoo.com,Lebanon
836,Philip Simpson,timothyjohnson@donovan.net,Guadeloupe
837,Ashley Curtis,angela08@cunningham.com,Ireland
838,Angela Beard,margaretgilbert@yahoo.com,Guam
839,Andrew Merritt,gshaw@hotmail.com,Jersey
840,Catherine Jackson,djefferson@gallagher-hebert.org,Peru
841,Bethany Guerra,kimberly64@yahoo.com,Serbia
842,Kelsey Day,patricia80@yahoo.com,Moldova
843,Timothy Reyes,leejesse@wilson.info,Kenya
844,Samantha Daugherty,jessicablevins@hotmail.com,Tajikistan
845,John Lyons,martinezjessica@gmail.com,Turkey
846,Kristen Golden,nerickson@long.biz,Yemen
847,Sean Martinez,lisacook@williams-perez.com,Mauritania
848,Jack Russell,aaronkhan@carr.com,Mali
849,Jamie Morse,larajonathan@yahoo.com,Zimbabwe
850,Connie Mcdonald,harrisdustin@miller.info,Mozambique
851,Robin Nguyen,rmcdonald@cook.com,Ghana
852,Amber Ward,christopherpruitt@edwards-jackson.net,Tanzania
853,James Vaughan,rodney34@macdonald-cannon.info,Heard Island and McDonald Islands
854,Dennis Williams Jr.,michael99@hotmail.com,Togo
855,Tamara Villegas,dpena@yahoo.com,China
856,Janice Ramsey,mathisjustin@gmail.com,Italy
857,Jennifer White,rford@jensen.com,Poland
858,Ryan Rojas,heathtravis@johnson-wallace.com,Tonga
859,Donna Bartlett,rosemiguel@gmail.com,Bolivia
860,Cindy Smith,fjohnson@yahoo.com,Costa Rica
861,Kaitlyn Smith,sharonmendez@yahoo.com,Burundi
862,Lydia Johnson,tina76@white.info,Israel
863,Carmen Webster,dchristensen@huang.com,Svalbard & Jan Mayen Islands
864,Janice Paul,oruiz@murphy.org,Saint Martin
865,Robert Garner,williamavery@gmail.com,Central African Republic
866,Frederick Johnson,stevenmcpherson@hotmail.com,Saudi Arabia
867,Sandra Lopez,iwallace@barnes-hernandez.net,Portugal
868,Dillon Martin,jeremyrosales@pennington.com,Timor-Leste
869,Matthew Ibarra,livingstonwalter@gmail.com,Namibia
870,Kyle Potter,marshdeborah@hotmail.com,Kyrgyz Republic
871,Angela Cain,wbeck@johnson-drake.com,Central African Republic
872,Rebecca Pennington,jennifer14@gmail.com,Tonga
873,Amanda Garcia,uarnold@hotmail.com,Palestinian Territory
874,Michelle Young,williambrown@hotmail.com,Uzbekistan
875,Nicholas Jones,youngvickie@harris.com,Reunion
876,Nancy Barnett,tmcdonald@baldwin-gibson.com,Lithuania
877,Stephanie Anderson,leslie51@beasley.biz,Isle of Man
878,Diane Norman,wgray@gmail.com,France
879,Desiree Howard,heatherporter@walton.com,Georgia
880,Terry Ortega,jermainegardner@lopez.biz,Cook Islands
881,Tara Rivera,jason55@bautista.net,Croatia
882,Katie Wilson,foxsharon@chandler.com,Samoa
883,Lisa Allison,chelsea56@yahoo.com,Holy See (Vatican City State)
884,Christopher Wallace,anthonyzimmerman@hotmail.com,Cook Islands
885,Paul Parsons,yedwards@gmail.com,Lebanon
886,James Shaw,marthacarter@hotmail.com,Falkland Islands (Malvinas)
887,Jeffrey Diaz,kryan@thompson.biz,Colombia
888,Vanessa Ross,cwiley@hotmail.com,Martinique
889,Melanie Le,hwashington@gmail.com,Cape Verde
890,Patricia Warner,dawn70@cline.com,Thailand
891,Jeffrey Kramer,gnguyen@hotmail.com,Guam
892,Elizabeth Ayala,monicamueller@odonnell-bailey.com,Hungary
893,Vanessa Maldonado,fhorton@yahoo.com,Faroe Islands
894,Daniel Lewis,michael31@woods.com,Tuvalu
895,Ryan King,cjohnson@wright.net,Seychelles
896,Susan Williams,heather11@hotmail.com,American Samoa
897,Russell Adkins,jodibrown@smith.com,Gambia
898,Eduardo Nash,mooreterrence@hotmail.com,Puerto Rico
899,Amanda Donovan,hmiller@gmail.com,Saint Lucia
900,Craig Long,zimmermanstephanie@boyd.com,Egypt
901,David Odonnell,jessicawhite@hotmail.com,Ukraine
902,Allison Moore,cjones@gmail.com,Slovakia (Slovak Republic)
903,Michael Mitchell,vasquezmichelle@miller-berg.com,Bouvet Island (Bouvetoya)
904,Alexandra Montgomery,samanthajohnson@yahoo.com,Barbados
905,Claudia Thomas,carrolljoshua@lee.info,Kyrgyz Republic
906,Eric Edwards,tpetersen@yahoo.com,United States Virgin Islands
907,Alexander Turner,brandihoward@gmail.com,Guernsey
908,David Hoffman,roconnor@hotmail.com,Papua New Guinea
909,John Lawrence,orrray@carter-boyd.com,Montenegro
910,Kenneth Nolan,zkelly@hotmail.com,Bolivia
911,Jacob Cole,samanthawells@hotmail.com,Isle of Man
912,Troy Austin,amy95@gmail.com,Germany
913,Cynthia Wood,denise68@yahoo.com,France
914,Darlene Rice,davidrodriguez@gmail.com,Montserrat
915,Madeline Watson,zhall@yahoo.com,Malaysia
916,Cynthia Wallace,jamesgrant@gmail.com,Tokelau
917,Mr. William Jones MD,paul90@yahoo.com,Zimbabwe
918,Mark Villanueva,mcdanielchristopher@newton.org,United Kingdom
919,Jennifer Marshall,matthew71@mitchell.com,Portugal
920,Rebecca Thompson,uporter@gmail.com,Jersey
921,Richard Rhodes,nwolf@neal.net,Saint Vincent and the Grenadines
922,Kyle Clark,travisbrown@daugherty.info,Nicaragua
923,Zoe Anderson,ahenry@yahoo.com,Kiribati
924,Jordan Foster,jhenry@hayes.org,Heard Island and McDonald Islands
925,Luis White,lisacowan@yahoo.com,Fiji
926,Amanda Williams,lisaatkins@fisher.com,Gabon
927,Joshua Ruiz,victoriabrowning@yahoo.com,Vietnam
928,Russell Fisher,millermichelle@baker.net,Malaysia
929,Rachael Wilson,melissalynch@yahoo.com,Sweden
930,Stephen Bryan,charles50@yahoo.com,Togo
931,Amanda Graham,ianscott@mcclain-brown.com,Benin
932,James Johnson,juan82@yahoo.com,New Caledonia
933,Crystal Bryant,dawnsimmons@hotmail.com,Djibouti
934,Thomas Adams,christophersavage@tucker.net,Jordan
935,Rachel Brown,qwilliamson@gmail.com,Netherlands Antilles
936,Mr. Brian Keith,james25@fields.info,Venezuela
937,Kelly Brown,melissagriffin@yahoo.com,Indonesia
938,Wanda Kennedy,florestrevor@hotmail.com,Saint Vincent and the Grenadines
939,Brianna Mitchell,bennettjason@yahoo.com,Brazil
940,Patrick Blankenship,brianchavez@yahoo.com,Cameroon
941,Nicole Montgomery,nancygaines@walsh.org,Denmark
942,Laura Wilkinson,gabriel59@chapman.com,Antarctica (the territory South of 60 deg S)
943,Jonathan Chavez,philipbrown@hotmail.com,Kiribati
944,Jason Hale,krose@yahoo.com,British Virgin Islands
945,Michael Jones,breannagarcia@ruiz.com,Belarus
946,Janice Powell,aaron43@yahoo.com,France
947,Rebecca Fowler,chadking@yahoo.com,Belize
948,Kelly Mccullough,jenningsaaron@yahoo.com,Kazakhstan
949,Cassidy Hernandez,brendacampbell@gmail.com,Hungary
950,John Garrison,martineztaylor@garcia.com,Burundi
951,Michelle Travis,shawstephanie@mitchell-hansen.com,Nepal
952,Barbara Sullivan,melissa91@thompson.com,Andorra
953,Julie Barrera,tgriffin@gmail.com,Maldives
954,Shaun Burns,robertcohen@montgomery.com,Switzerland
955,Andrew Kramer,thomas44@yahoo.com,Congo
956,Carly Hooper,stevenwilliams@garrett.com,Nauru
957,John Wilson,bcruz@sanders.com,Cyprus
958,Travis Miller,dustintravis@yahoo.com,Bahamas
959,Maria Taylor,gary34@hotmail.com,Palau
960,Karen Wagner,janet00@brown.org,Cook Islands
961,Emily Sanders,kfrank@gmail.com,Macao
962,Brian Haas,zdixon@hotmail.com,Cape Verde
963,Jenny Walker,natalie53@hotmail.com,Germany
964,Monique Cooke,josehouse@wells.org,Jordan
965,Danny Preston,jacksondonna@gmail.com,Trinidad and Tobago
966,Nancy Kelly,joconnor@robertson.com,French Southern Territories
967,Julie Sullivan,harrisjohn@hotmail.com,Austria
968,Cynthia Mclaughlin,seanmccoy@yahoo.com,United States Minor Outlying Islands
969,David Taylor,rwagner@hotmail.com,Lebanon
970,Kevin Larsen,carlygarrett@johnson.info,Djibouti
971,Ricky Wells,rknight@snyder-miller.net,Qatar
972,Andrew Watson,garrettgarrett@gmail.com,Uruguay
973,Megan Benjamin,gardnercynthia@gmail.com,Burkina Faso
974,Stacey Weber,martinwendy@gmail.com,Cuba
975,Amy Sherman,treyes@ross-hickman.com,Canada
976,Jonathan King,phillipsangela@benjamin-rodriguez.net,Bahamas
977,Cody Wagner,mrivas@yang.com,Burkina Faso
978,David Allen,monica12@yahoo.com,Timor-Leste
979,Kristy Rhodes,hernandezvalerie@yahoo.com,Brunei Darussalam
980,Amber Benson,timothyphillips@hotmail.com,Lao People's Democratic Republic
981,Matthew Long,mgarcia@solomon.org,Korea
982,Carrie Park,alyssaortiz@yahoo.com,Dominican Republic
983,Jeffrey Williams,jcunningham@hotmail.com,Belize
984,Whitney Leblanc,robertcarlson@gmail.com,Saint Helena
985,Jeremy Graham,cummingssteven@hotmail.com,Romania
986,Eric Olson,davidcoffey@hotmail.com,Jersey
987,John Bennett,lisawells@moreno.biz,Burkina Faso
988,Anna Frost,kimrodriguez@christian.com,Tunisia
989,Jacob George,kennedyvalerie@johnson.org,Mayotte
990,Jermaine Davis,zlarson@lewis.com,Antarctica (the territory South of 60 deg S)
991,Stephanie Smith,rbrown@perez-pearson.com,Syrian Arab Republic
992,Jon Jackson,tiffany51@yahoo.com,Dominican Republic
993,Jesse Espinoza,john52@calderon.org,Tunisia
994,Erica Myers,stevensbrian@gmail.com,Martinique
995,Amber Rice,rachelbrown@yahoo.com,Portugal
996,Ann Robles,josephsweeney@yahoo.com,Australia
997,Lindsey Williams,buckleyjessica@yahoo.com,Burundi
998,Christopher Lynch,jjames@mendez-esparza.com,Nepal
999,Michael Torres,kathleenesparza@yahoo.com,Guernsey
1000,Joseph Richards,ravengordon@schmidt.info,Monaco
